<?xml version="1.0" ?>
<script version="9.14.0.612">
	<description></description>
	<source><![CDATA[def NodeAccess node = result.addNode("Synchronized methods")

//Create visitor
IJavaVisitor v = javaAccess.createVisitor()

//Provide closure to handle the element of interest
v.onMethod
{
    JavaMethodAccess method ->

    if (method.isSynchronized())
    {
		//Add to elements result
        result.addElement(method)
		//Add to tree result
        result.addNode(node, method)
    }
	
	//Visit children - we might have anonymous types in methods defining more methods
	v.visitChildren(method)
}

//Traverse the parser model
javaAccess.visitParserModel(v)]]></source>
	<parameterDefinitions>
		<parameterDefinition name="timeout" type="Integer" description="When scripts are scheduled for automated execution they time out after the specified number of seconds. The timeout must be greater than '0'." defaultValue="10" candidates=""></parameterDefinition>
		<parameterDefinition name="output" type="String" description="When a path is specified the output of the script is written into this file. The use of an absolute path (i.e. starting with '/' or 'C:/') is not recommended. It might not be cross-platform compatible." defaultValue="" candidates=""></parameterDefinition>
	</parameterDefinitions>
	<languages>
		<language>Java</language>
	</languages>
</script>